incidence_100000_pys,incidence_100000_pys_95CI_lower,incidence_100000_pys_95CI_upper,outcome_cohort_name
88.7713919686745,86.77542876438616,90.80168223168494,users_hydroxychloroquine
100.50082994266633,98.37614573082996,102.65984060512008,users_methotrexate
